,lang_test,phone_acc,word_acc
0,en,0.6910141348388923,0.5154934399242252
1,fr,0.7784514322946888,0.568155703449648
