,lang_test,phone_acc,word_acc
0,en,0.7157721604652073,0.5798164770149947
