,lang_test,phone_acc,word_acc
0,de,0.7051441146958368,0.5858118592024678
1,en,0.6747192636807758,0.4782583611967109
2,fr,0.7476426685072509,0.5233355009477502
